<?xml version="1.0" encoding="UTF-8"?>
<!--<!DOCTYPE mappings PUBLIC "-//DOZER//DTD MAPPINGS//EN" "https://github.com/DozerMapper/DozerMapper.github.io/blob/master/dtd/bean-mapping.dtd">-->
<mappings xmlns="http://dozermapper.github.io/schema/bean-mapping" xmlns:xsi="http://www.w3.org/2001/XMLSchema-instance"
 xsi:schemaLocation="http://dozermapper.github.io/schema/bean-mapping http://dozermapper.github.io/schema/bean-mapping.xsd">
  <configuration>
    <stop-on-errors>true</stop-on-errors>

    <copy-by-references>

      <copy-by-reference>java.lang.Long</copy-by-reference>
      <copy-by-reference>java.lang.Integer</copy-by-reference>
      <copy-by-reference>java.lang.Number</copy-by-reference>
      <copy-by-reference>java.time.LocalDate</copy-by-reference>
      <copy-by-reference>java.time.LocalDateTime</copy-by-reference>
      <copy-by-reference>java.time.LocalTime</copy-by-reference>
      <copy-by-reference>java.time.ZonedDateTime</copy-by-reference>
      <copy-by-reference>java.time.Instant</copy-by-reference>
      <copy-by-reference>java.time.Year</copy-by-reference>
      <copy-by-reference>java.time.Duration</copy-by-reference>
      <copy-by-reference>java.time.Clock</copy-by-reference>
      <copy-by-reference>java.time.MonthDay</copy-by-reference>
      <copy-by-reference>java.time.OffsetDateTime</copy-by-reference>
      <copy-by-reference>java.time.OffsetTime</copy-by-reference>
      <copy-by-reference>java.time.Period</copy-by-reference>
      <copy-by-reference>java.time.YearMonth</copy-by-reference>
      <copy-by-reference>java.time.Month</copy-by-reference>
      <!--
      <copy-by-reference>javax.money.MonetaryAmount</copy-by-reference>
      <copy-by-reference>org.javamoney.moneta.Money</copy-by-reference>
       -->
    </copy-by-references>
  </configuration>



  <!-- If a persistence entity is converted to an ETO then the original entity is stored as hidden reference.
       The modificationCounter of a persistence entity is updated by the JPA provider (hibernate) after the transaction
       has been committed what is after this conversion so the wrong modificationCounter is converted.
       The hidden and transient reference allows to update the modificationCounter to the correct value on
       serialization. -->
  <mapping type="one-way">
    <class-a>com.devonfw.application.mtsj.general.dataaccess.api.ApplicationPersistenceEntity</class-a>
    <class-b>com.devonfw.module.basic.common.api.to.AbstractEto</class-b>
    <field custom-converter="com.devonfw.module.beanmapping.common.impl.dozer.IdentityConverter">
      <a>this</a>
      <b is-accessible="true">persistentEntity</b>
    </field>
  </mapping>
</mappings>
