{
  "interactionModel": {
    "languageModel": {
      "invocationName": "my thaistar",
      "intents": [
        {
          "name": "AMAZON.CancelIntent",
          "samples": []
        },
        {
          "name": "AMAZON.HelpIntent",
          "samples": []
        },
        {
          "name": "AMAZON.StopIntent",
          "samples": []
        },
        {
          "name": "HelloWorldIntent",
          "slots": [
            {
              "name": "count",
              "type": "AMAZON.FOUR_DIGIT_NUMBER"
            },
            {
              "name": "time",
              "type": "AMAZON.TIME"
            },
            {
              "name": "date",
              "type": "AMAZON.DATE"
            }
          ],
          "samples": [
            "einen Tisch für {count} Personen am {date} um {time}",
            "Buche einen Tisch für {count} Personen um {time} am {date}"
          ]
        },
        {
          "name": "AMAZON.FallbackIntent",
          "samples": []
        },
        {
          "name": "AMAZON.NavigateHomeIntent",
          "samples": []
        }
      ],
      "types": []
    }
  }
}